CSEC-101,Fundamentals of Computing Security
CSCI-141,Computer Science I
CSCI-142,Computer Science II
MATH-181,LAS Perspective 7A (mathematics): Project-Based Calculus I
MATH-182,LAS Perspective 7B (mathematics): Project-Based Calculus II
MATH-190,Discrete Mathematics for Computing
NSSA-241,Introduction to Routing and Switching
YOPS-10,RIT 365: RIT Connections
CSEC-099,Cooperative Education Seminar
CSEC-201,Programming for Information Security
CSEC-202,Reverse Engineering Fundamentals
MATH-241,Linear Algebra
MATH-252,Probability and Statistics II
MATH-251,Probability and Statistics I
NSSA-221,Systems Administration I
NSSA-245,Network Services
CSCI-462,Introduction to Cryptography
CSEC-380,Principles of Web Application Security
CSEC-472,Authentication and Security Models
ISTE-230,Introduction to Database and Data Modeling
PUBL-363,Cyber Security Policy and Law
CSEC-490,Capstone in Computing Security
CSEC-99,Co-op Seminar
CSEC-499,Cooperative Education in CSEC (summer)
CSEC-742,Computer System Security
CSEC-790,MS Thesis
PUBL-701,Graduate Policy Analysis
PUBL-702,Graduate Decision Analysis
PUBL-700,Readings in Public Policy
PUBL-703,Program Evaluation and Research Design
PUBL-790,Public Policy Thesis
STSO-710,Graduate Science and Technology Policy Seminar
